                  epoch,         train/box_loss,         train/cls_loss,         train/dfl_loss,   metrics/precision(B),      metrics/recall(B),       metrics/mAP50(B),    metrics/mAP50-95(B),           val/box_loss,           val/cls_loss,           val/dfl_loss,                 lr/pg0,                 lr/pg1,                 lr/pg2
                      1,                 1.5734,                 1.7824,                 1.7202,                0.02365,                0.02237,                0.00946,                0.00199,                 3.7093,                 4.8294,                 3.8895,             0.00047403,             0.00047403,             0.00047403
                      2,                 1.4773,                 1.4038,                 1.6565,                0.04373,                 0.0468,                0.01193,                 0.0032,                 2.9852,                  4.895,                 3.0055,             0.00076219,             0.00076219,             0.00076219
                      3,                  1.388,                 1.2538,                 1.6059,                0.06709,                0.03709,                0.01548,                0.00372,                 2.8591,                 4.7393,                 2.7756,             0.00086173,             0.00086173,             0.00086173
                      4,                 1.3079,                 1.1076,                 1.5276,                0.09196,                 0.0836,                0.04418,                0.01063,                 2.7816,                 4.2062,                  2.863,             0.00058017,             0.00058017,             0.00058017
                      5,                 1.2038,                0.95872,                 1.4517,                0.13632,                0.05894,                0.06242,                0.02458,                 2.9272,                 4.4963,                  2.721,             0.00029723,             0.00029723,             0.00029723
