                  epoch,         train/box_loss,         train/cls_loss,         train/dfl_loss,   metrics/precision(B),      metrics/recall(B),       metrics/mAP50(B),    metrics/mAP50-95(B),           val/box_loss,           val/cls_loss,           val/dfl_loss,                 lr/pg0,                 lr/pg1,                 lr/pg2
                      1,                 2.3032,                 3.4885,                 2.4595,                  0.001,                0.36806,                0.00073,                0.00023,                 3.6628,                  18242,                 82.777,             0.00066561,             0.00066561,             0.00066561
                      2,                 2.4306,                 3.5528,                  2.566,                0.00721,                0.62847,                0.03205,                0.00866,                 2.7279,                 3.7931,                 2.7772,              0.0010685,              0.0010685,              0.0010685
                      3,                 2.2179,                 3.3023,                 2.3588,                0.04348,                0.13194,                0.03843,                0.01143,                  2.117,                 5.2027,                  2.488,              0.0012074,              0.0012074,              0.0012074
                      4,                 2.1428,                 3.0909,                 2.2876,                0.31209,                0.18403,                0.19957,                0.06355,                 1.9896,                 3.2882,                 2.3289,               0.000812,               0.000812,               0.000812
